<?xml version="1.0"?>
<operations>
	<operation type="CREATE_TABLE">
		<table>
			<schema />
			<name>calcalendar</name>
			<type>0</type>
			<dbfields>
				<dbfield>
					<name>id</name>
					<type>3</type>
					<typeName>int</typeName>
					<size>11</size>
					<scale>0</scale>
					<defaultValue></defaultValue>
					<nullable>0</nullable>
					<autoInc>1</autoInc>
					<charset></charset>
					<oraSequence></oraSequence>
					<enumValues />
				</dbfield>
				<dbfield>
					<name>DateField</name>
					<type>7</type>
					<typeName>date</typeName>
					<size>0</size>
					<scale>0</scale>
					<defaultValue></defaultValue>
					<nullable>1</nullable>
					<autoInc>0</autoInc>
					<charset></charset>
					<oraSequence></oraSequence>
					<enumValues />
				</dbfield>
				<dbfield>
					<name>Description</name>
					<type>201</type>
					<typeName>mediumtext</typeName>
					<size>0</size>
					<scale>0</scale>
					<defaultValue></defaultValue>
					<nullable>1</nullable>
					<autoInc>0</autoInc>
					<charset></charset>
					<oraSequence></oraSequence>
					<enumValues />
				</dbfield>
				<dbfield>
					<name>Subject</name>
					<type>200</type>
					<typeName>varchar</typeName>
					<size>200</size>
					<scale>0</scale>
					<defaultValue></defaultValue>
					<nullable>1</nullable>
					<autoInc>0</autoInc>
					<charset></charset>
					<oraSequence></oraSequence>
					<enumValues />
				</dbfield>
				<dbfield>
					<name>TimeField</name>
					<type>200</type>
					<typeName>varchar</typeName>
					<size>15</size>
					<scale>0</scale>
					<defaultValue></defaultValue>
					<nullable>1</nullable>
					<autoInc>0</autoInc>
					<charset></charset>
					<oraSequence></oraSequence>
					<enumValues />
				</dbfield>
				<dbfield>
					<name>EndTime</name>
					<type>200</type>
					<typeName>varchar</typeName>
					<size>15</size>
					<scale>0</scale>
					<defaultValue></defaultValue>
					<nullable>1</nullable>
					<autoInc>0</autoInc>
					<charset></charset>
					<oraSequence></oraSequence>
					<enumValues />
				</dbfield>
				<dbfield>
					<name>DayEvent</name>
					<type>3</type>
					<typeName>int</typeName>
					<size>11</size>
					<scale>0</scale>
					<defaultValue></defaultValue>
					<nullable>1</nullable>
					<autoInc>0</autoInc>
					<charset></charset>
					<oraSequence></oraSequence>
					<enumValues />
				</dbfield>
				<dbfield>
					<name>EndDate</name>
					<type>7</type>
					<typeName>date</typeName>
					<size>0</size>
					<scale>0</scale>
					<defaultValue></defaultValue>
					<nullable>1</nullable>
					<autoInc>0</autoInc>
					<charset></charset>
					<oraSequence></oraSequence>
					<enumValues />
				</dbfield>
				<dbfield>
					<name>Period</name>
					<type>200</type>
					<typeName>varchar</typeName>
					<size>255</size>
					<scale>0</scale>
					<defaultValue></defaultValue>
					<nullable>1</nullable>
					<autoInc>0</autoInc>
					<charset></charset>
					<oraSequence></oraSequence>
					<enumValues />
				</dbfield>
				<dbfield>
					<name>PeriodDays</name>
					<type>200</type>
					<typeName>varchar</typeName>
					<size>255</size>
					<scale>0</scale>
					<defaultValue></defaultValue>
					<nullable>1</nullable>
					<autoInc>0</autoInc>
					<charset></charset>
					<oraSequence></oraSequence>
					<enumValues />
				</dbfield>
				<dbfield>
					<name>Recurrence</name>
					<type>3</type>
					<typeName>int</typeName>
					<size>11</size>
					<scale>0</scale>
					<defaultValue></defaultValue>
					<nullable>1</nullable>
					<autoInc>0</autoInc>
					<charset></charset>
					<oraSequence></oraSequence>
					<enumValues />
				</dbfield>
				<dbfield>
					<name>Category</name>
					<type>3</type>
					<typeName>int</typeName>
					<size>11</size>
					<scale>0</scale>
					<defaultValue></defaultValue>
					<nullable>1</nullable>
					<autoInc>0</autoInc>
					<charset></charset>
					<oraSequence></oraSequence>
					<enumValues />
				</dbfield>
				<dbfield>
					<name>OwnerID</name>
					<type>200</type>
					<typeName>varchar</typeName>
					<size>50</size>
					<scale>0</scale>
					<defaultValue></defaultValue>
					<nullable>1</nullable>
					<autoInc>0</autoInc>
					<charset></charset>
					<oraSequence></oraSequence>
					<enumValues />
				</dbfield>
				<dbfield>
					<name>RecurType</name>
					<type>200</type>
					<typeName>varchar</typeName>
					<size>10</size>
					<scale>0</scale>
					<defaultValue></defaultValue>
					<nullable>1</nullable>
					<autoInc>0</autoInc>
					<charset></charset>
					<oraSequence></oraSequence>
					<enumValues />
				</dbfield>
				<dbfield>
					<name>RecurOnValue</name>
					<type>200</type>
					<typeName>varchar</typeName>
					<size>20</size>
					<scale>0</scale>
					<defaultValue></defaultValue>
					<nullable>1</nullable>
					<autoInc>0</autoInc>
					<charset></charset>
					<oraSequence></oraSequence>
					<enumValues />
				</dbfield>
				<dbfield>
					<name>RecurAfterValue</name>
					<type>200</type>
					<typeName>varchar</typeName>
					<size>20</size>
					<scale>0</scale>
					<defaultValue></defaultValue>
					<nullable>1</nullable>
					<autoInc>0</autoInc>
					<charset></charset>
					<oraSequence></oraSequence>
					<enumValues />
				</dbfield>
			</dbfields>
			<dbkeys>
				<dbkey>id</dbkey>
			</dbkeys>
			<dbfkeys />
			<pbclean>0</pbclean>
		</table>
	</operation>
	<operation type="INSERT_RECORD">
		<schema />
		<tablename>calcalendar</tablename>
		<prefix></prefix>
		<suffix></suffix>
		<records>
			<names>
				<colname>id</colname>
				<colname>DateField</colname>
				<colname>Description</colname>
				<colname>Subject</colname>
				<colname>TimeField</colname>
				<colname>EndTime</colname>
				<colname>DayEvent</colname>
				<colname>EndDate</colname>
				<colname>Period</colname>
				<colname>PeriodDays</colname>
				<colname>Recurrence</colname>
				<colname>Category</colname>
				<colname>OwnerID</colname>
				<colname>RecurType</colname>
				<colname>RecurOnValue</colname>
				<colname>RecurAfterValue</colname>
			</names>
			<types>
				<coltype>3</coltype>
				<coltype>7</coltype>
				<coltype>201</coltype>
				<coltype>200</coltype>
				<coltype>200</coltype>
				<coltype>200</coltype>
				<coltype>3</coltype>
				<coltype>7</coltype>
				<coltype>200</coltype>
				<coltype>200</coltype>
				<coltype>3</coltype>
				<coltype>3</coltype>
				<coltype>200</coltype>
				<coltype>200</coltype>
				<coltype>200</coltype>
				<coltype>200</coltype>
			</types>
			<data>
				<record>
					<value>1</value>
					<NULL />
					<NULL />
					<value>don't touch this event</value>
					<NULL />
					<NULL />
					<NULL />
					<NULL />
					<NULL />
					<NULL />
					<NULL />
					<NULL />
					<NULL />
					<NULL />
					<NULL />
					<NULL />
				</record>
			</data>
		</records>
	</operation>
	<operation type="CREATE_TABLE">
		<table>
			<schema />
			<name>calcategory</name>
			<type>0</type>
			<dbfields>
				<dbfield>
					<name>id</name>
					<type>3</type>
					<typeName>int</typeName>
					<size>11</size>
					<scale>0</scale>
					<defaultValue></defaultValue>
					<nullable>0</nullable>
					<autoInc>1</autoInc>
					<charset></charset>
					<oraSequence></oraSequence>
					<enumValues />
				</dbfield>
				<dbfield>
					<name>Category</name>
					<type>200</type>
					<typeName>varchar</typeName>
					<size>50</size>
					<scale>0</scale>
					<defaultValue></defaultValue>
					<nullable>1</nullable>
					<autoInc>0</autoInc>
					<charset></charset>
					<oraSequence></oraSequence>
					<enumValues />
				</dbfield>
				<dbfield>
					<name>Color</name>
					<type>200</type>
					<typeName>varchar</typeName>
					<size>255</size>
					<scale>0</scale>
					<defaultValue></defaultValue>
					<nullable>1</nullable>
					<autoInc>0</autoInc>
					<charset></charset>
					<oraSequence></oraSequence>
					<enumValues />
				</dbfield>
			</dbfields>
			<dbkeys>
				<dbkey>id</dbkey>
			</dbkeys>
			<dbfkeys />
			<pbclean>0</pbclean>
		</table>
	</operation>
	<operation type="INSERT_RECORD">
		<schema />
		<tablename>calcategory</tablename>
		<prefix></prefix>
		<suffix></suffix>
		<records>
			<names>
				<colname>id</colname>
				<colname>Category</colname>
				<colname>Color</colname>
			</names>
			<types>
				<coltype>3</coltype>
				<coltype>200</coltype>
				<coltype>200</coltype>
			</types>
			<data>
				<record>
					<value>1</value>
					<value>test</value>
					<value>#FFCC99</value>
				</record>
			</data>
		</records>
	</operation>
	<operation type="CREATE_TABLE">
		<table>
			<schema />
			<name>calfirstday</name>
			<type>0</type>
			<dbfields>
				<dbfield>
					<name>id</name>
					<type>3</type>
					<typeName>int</typeName>
					<size>11</size>
					<scale>0</scale>
					<defaultValue></defaultValue>
					<nullable>0</nullable>
					<autoInc>1</autoInc>
					<charset></charset>
					<oraSequence></oraSequence>
					<enumValues />
				</dbfield>
				<dbfield>
					<name>dayvalue</name>
					<type>3</type>
					<typeName>int</typeName>
					<size>11</size>
					<scale>0</scale>
					<defaultValue></defaultValue>
					<nullable>1</nullable>
					<autoInc>0</autoInc>
					<charset></charset>
					<oraSequence></oraSequence>
					<enumValues />
				</dbfield>
				<dbfield>
					<name>dayname</name>
					<type>200</type>
					<typeName>varchar</typeName>
					<size>50</size>
					<scale>0</scale>
					<defaultValue></defaultValue>
					<nullable>1</nullable>
					<autoInc>0</autoInc>
					<charset></charset>
					<oraSequence></oraSequence>
					<enumValues />
				</dbfield>
			</dbfields>
			<dbkeys>
				<dbkey>id</dbkey>
			</dbkeys>
			<dbfkeys />
			<pbclean>0</pbclean>
		</table>
	</operation>
	<operation type="INSERT_RECORD">
		<schema />
		<tablename>calfirstday</tablename>
		<prefix></prefix>
		<suffix></suffix>
		<records>
			<names>
				<colname>id</colname>
				<colname>dayvalue</colname>
				<colname>dayname</colname>
			</names>
			<types>
				<coltype>3</coltype>
				<coltype>3</coltype>
				<coltype>200</coltype>
			</types>
			<data>
				<record>
					<value>1</value>
					<value>0</value>
					<value>Sunday</value>
				</record>
				<record>
					<value>2</value>
					<value>1</value>
					<value>Monday</value>
				</record>
			</data>
		</records>
	</operation>
	<operation type="CREATE_TABLE">
		<table>
			<schema></schema>
			<name>calglobals</name>
			<type>0</type>
			<dbfields>
				<dbfield>
					<name>id</name>
					<type>3</type>
					<typeName>int</typeName>
					<size>11</size>
					<scale>0</scale>
					<defaultValue></defaultValue>
					<nullable>0</nullable>
					<autoInc>1</autoInc>
					<charset></charset>
					<oraSequence></oraSequence>
					<enumValues></enumValues>
				</dbfield>
				<dbfield>
					<name>TimePeriod</name>
					<type>3</type>
					<typeName>int</typeName>
					<size>11</size>
					<scale>0</scale>
					<defaultValue></defaultValue>
					<nullable>1</nullable>
					<autoInc>0</autoInc>
					<charset></charset>
					<oraSequence></oraSequence>
					<enumValues></enumValues>
				</dbfield>
				<dbfield>
					<name>FirstDayOfWeek</name>
					<type>3</type>
					<typeName>int</typeName>
					<size>11</size>
					<scale>0</scale>
					<defaultValue></defaultValue>
					<nullable>0</nullable>
					<autoInc>0</autoInc>
					<charset></charset>
					<oraSequence></oraSequence>
					<enumValues></enumValues>
				</dbfield>
				<dbfield>
					<name>EditInPast</name>
					<type>3</type>
					<typeName>int</typeName>
					<size>11</size>
					<scale>0</scale>
					<defaultValue></defaultValue>
					<nullable>0</nullable>
					<autoInc>0</autoInc>
					<charset></charset>
					<oraSequence></oraSequence>
					<enumValues></enumValues>
				</dbfield>
				<dbfield>
					<name>DefaultColor</name>
					<type>200</type>
					<typeName>varchar</typeName>
					<size>200</size>
					<scale>0</scale>
					<defaultValue>#FFFFFF</defaultValue>
					<nullable>0</nullable>
					<autoInc>0</autoInc>
					<charset></charset>
					<oraSequence></oraSequence>
					<enumValues></enumValues>
				</dbfield>
				<dbfield>
					<name>HolidayColor</name>
					<type>200</type>
					<typeName>varchar</typeName>
					<size>200</size>
					<scale>0</scale>
					<defaultValue>#EDDFDF</defaultValue>
					<nullable>0</nullable>
					<autoInc>0</autoInc>
					<charset></charset>
					<oraSequence></oraSequence>
					<enumValues></enumValues>
				</dbfield>
				<dbfield>
					<name>WeekEndColor</name>
					<type>200</type>
					<typeName>varchar</typeName>
					<size>200</size>
					<scale>0</scale>
					<defaultValue>#FEF6F6</defaultValue>
					<nullable>0</nullable>
					<autoInc>0</autoInc>
					<charset></charset>
					<oraSequence></oraSequence>
					<enumValues></enumValues>
				</dbfield>
				<dbfield>
					<name>RangedColor</name>
					<type>200</type>
					<typeName>varchar</typeName>
					<size>200</size>
					<scale>0</scale>
					<defaultValue>#9FC6E7</defaultValue>
					<nullable>0</nullable>
					<autoInc>0</autoInc>
					<charset></charset>
					<oraSequence></oraSequence>
					<enumValues></enumValues>
				</dbfield>
				<dbfield>
					<name>SubjectLength</name>
					<type>3</type>
					<typeName>int</typeName>
					<size>11</size>
					<scale>0</scale>
					<defaultValue></defaultValue>
					<nullable>0</nullable>
					<autoInc>0</autoInc>
					<charset></charset>
					<oraSequence></oraSequence>
					<enumValues></enumValues>
				</dbfield>
				<dbfield>
					<name>DescriptionLength</name>
					<type>3</type>
					<typeName>int</typeName>
					<size>11</size>
					<scale>0</scale>
					<defaultValue></defaultValue>
					<nullable>0</nullable>
					<autoInc>0</autoInc>
					<charset></charset>
					<oraSequence></oraSequence>
					<enumValues></enumValues>
				</dbfield>
				<dbfield>
					<name>CountEvents</name>
					<type>3</type>
					<typeName>int</typeName>
					<size>11</size>
					<scale>0</scale>
					<defaultValue></defaultValue>
					<nullable>0</nullable>
					<autoInc>0</autoInc>
					<charset></charset>
					<oraSequence></oraSequence>
					<enumValues></enumValues>
				</dbfield>
				<dbfield>
					<name>StartTime</name>
					<type>200</type>
					<typeName>varchar</typeName>
					<size>20</size>
					<scale>0</scale>
					<defaultValue></defaultValue>
					<nullable>1</nullable>
					<autoInc>0</autoInc>
					<charset></charset>
					<oraSequence></oraSequence>
					<enumValues></enumValues>
				</dbfield>
				<dbfield>
					<name>EndTime</name>
					<type>200</type>
					<typeName>varchar</typeName>
					<size>20</size>
					<scale>0</scale>
					<defaultValue></defaultValue>
					<nullable>1</nullable>
					<autoInc>0</autoInc>
					<charset></charset>
					<oraSequence></oraSequence>
					<enumValues></enumValues>
				</dbfield>
			</dbfields>
			<dbkeys>
				<dbkey>id</dbkey>
			</dbkeys>
			<dbfkeys></dbfkeys>
			<pbclean>0</pbclean>
		</table>
	</operation>
	<operation type="INSERT_RECORD">
		<schema></schema>
		<tablename>calglobals</tablename>
		<prefix></prefix>
		<suffix></suffix>
		<records>
			<names>
				<colname>id</colname>
				<colname>TimePeriod</colname>
				<colname>FirstDayOfWeek</colname>
				<colname>EditInPast</colname>
				<colname>DefaultColor</colname>
				<colname>HolidayColor</colname>
				<colname>WeekEndColor</colname>
				<colname>RangedColor</colname>
				<colname>SubjectLength</colname>
				<colname>DescriptionLength</colname>
				<colname>CountEvents</colname>
				<colname>StartTime</colname>
				<colname>EndTime</colname>
			</names>
			<types>
				<coltype>3</coltype>
				<coltype>3</coltype>
				<coltype>3</coltype>
				<coltype>3</coltype>
				<coltype>200</coltype>
				<coltype>200</coltype>
				<coltype>200</coltype>
				<coltype>200</coltype>
				<coltype>3</coltype>
				<coltype>3</coltype>
				<coltype>3</coltype>
				<coltype>200</coltype>
				<coltype>200</coltype>
			</types>
			<data>
				<record>
					<value>1</value>
					<value>30</value>
					<value>1</value>
					<value>1</value>
					<value>#FFFFFF</value>
					<value>#FEF6F6</value>
					<value>#EDDFDF</value>
					<value>#9FC6E7</value>
					<value>50</value>
					<value>100</value>
					<value>3</value>
					<value></value>
					<value></value>
				</record>
			</data>
		</records>
	</operation>
	<operation type="CREATE_TABLE">
		<table>
			<schema />
			<name>calholidays</name>
			<type>0</type>
			<dbfields>
				<dbfield>
					<name>id</name>
					<type>3</type>
					<typeName>int</typeName>
					<size>11</size>
					<scale>0</scale>
					<defaultValue></defaultValue>
					<nullable>0</nullable>
					<autoInc>1</autoInc>
					<charset></charset>
					<oraSequence></oraSequence>
					<enumValues />
				</dbfield>
				<dbfield>
					<name>name</name>
					<type>200</type>
					<typeName>varchar</typeName>
					<size>200</size>
					<scale>0</scale>
					<defaultValue></defaultValue>
					<nullable>1</nullable>
					<autoInc>0</autoInc>
					<charset></charset>
					<oraSequence></oraSequence>
					<enumValues />
				</dbfield>
				<dbfield>
					<name>date</name>
					<type>7</type>
					<typeName>date</typeName>
					<size>0</size>
					<scale>0</scale>
					<defaultValue></defaultValue>
					<nullable>0</nullable>
					<autoInc>0</autoInc>
					<charset></charset>
					<oraSequence></oraSequence>
					<enumValues />
				</dbfield>
			</dbfields>
			<dbkeys>
				<dbkey>id</dbkey>
			</dbkeys>
			<dbfkeys />
			<pbclean>0</pbclean>
		</table>
	</operation>
	<operation type="INSERT_RECORD">
		<schema />
		<tablename>calholidays</tablename>
		<prefix></prefix>
		<suffix></suffix>
		<records>
			<names>
				<colname>id</colname>
				<colname>name</colname>
				<colname>date</colname>
			</names>
			<types>
				<coltype>3</coltype>
				<coltype>200</coltype>
				<coltype>7</coltype>
			</types>
			<data>
				<record>
					<value>1</value>
					<value>New Year&amp;apos;s Day</value>
					<value>2018-01-01</value>
				</record>
				<record>
					<value>2</value>
					<value>Independence Day</value>
					<value>2018-07-04</value>
				</record>
				<record>
					<value>3</value>
					<value>Veterans Day</value>
					<value>2018-11-11</value>
				</record>
				<record>
					<value>4</value>
					<value>Christmas</value>
					<value>2018-12-25</value>
				</record>
				<record>
					<value>5</value>
					<value>Birthday of Martin Luther King, Jr.</value>
					<value>2018-01-15</value>
				</record>
				<record>
					<value>6</value>
					<value>Washington&amp;apos;s Birthday</value>
					<value>2018-02-19</value>
				</record>
				<record>
					<value>7</value>
					<value>Memorial Day</value>
					<value>2018-05-28</value>
				</record>
				<record>
					<value>8</value>
					<value>Labor Day</value>
					<value>2018-09-03</value>
				</record>
				<record>
					<value>9</value>
					<value>Columbus Day</value>
					<value>2018-10-08</value>
				</record>
				<record>
					<value>10</value>
					<value>Thanksgiving Day</value>
					<value>2018-11-22</value>
				</record>
				<record>
					<value>11</value>
					<value>New Year&amp;apos;s Day</value>
					<value>2019-01-01</value>
				</record>
				<record>
					<value>12</value>
					<value>Independence Day</value>
					<value>2019-07-04</value>
				</record>
				<record>
					<value>13</value>
					<value>Veterans Day</value>
					<value>2019-11-11</value>
				</record>
				<record>
					<value>14</value>
					<value>Christmas</value>
					<value>2019-12-25</value>
				</record>
				<record>
					<value>15</value>
					<value>Birthday of Martin Luther King, Jr.</value>
					<value>2019-01-21</value>
				</record>
				<record>
					<value>16</value>
					<value>Washington&amp;apos;s Birthday</value>
					<value>2019-02-18</value>
				</record>
				<record>
					<value>17</value>
					<value>Memorial Day</value>
					<value>2019-05-27</value>
				</record>
				<record>
					<value>18</value>
					<value>Labor Day</value>
					<value>2019-09-02</value>
				</record>
				<record>
					<value>19</value>
					<value>Columbus Day</value>
					<value>2019-10-14</value>
				</record>
				<record>
					<value>20</value>
					<value>Thanksgiving Day</value>
					<value>2019-11-28</value>
				</record>
				<record>
					<value>21</value>
					<value>New Year&amp;apos;s Day</value>
					<value>2020-01-01</value>
				</record>
				<record>
					<value>22</value>
					<value>Independence Day</value>
					<value>2020-07-04</value>
				</record>
				<record>
					<value>23</value>
					<value>Veterans Day</value>
					<value>2020-11-11</value>
				</record>
				<record>
					<value>24</value>
					<value>Christmas</value>
					<value>2020-12-25</value>
				</record>
				<record>
					<value>25</value>
					<value>Birthday of Martin Luther King, Jr.</value>
					<value>2020-01-20</value>
				</record>
				<record>
					<value>26</value>
					<value>Washington&amp;apos;s Birthday</value>
					<value>2020-02-17</value>
				</record>
				<record>
					<value>27</value>
					<value>Memorial Day</value>
					<value>2020-05-25</value>
				</record>
				<record>
					<value>28</value>
					<value>Labor Day</value>
					<value>2020-09-07</value>
				</record>
				<record>
					<value>29</value>
					<value>Columbus Day</value>
					<value>2020-10-12</value>
				</record>
				<record>
					<value>30</value>
					<value>Thanksgiving Day</value>
					<value>2020-11-26</value>
				</record>
			</data>
		</records>
	</operation>
	<operation type="CREATE_TABLE">
		<table>
			<schema />
			<name>calperiod</name>
			<type>0</type>
			<dbfields>
				<dbfield>
					<name>id</name>
					<type>3</type>
					<typeName>int</typeName>
					<size>11</size>
					<scale>0</scale>
					<defaultValue></defaultValue>
					<nullable>0</nullable>
					<autoInc>1</autoInc>
					<charset></charset>
					<oraSequence></oraSequence>
					<enumValues />
				</dbfield>
				<dbfield>
					<name>Period</name>
					<type>200</type>
					<typeName>varchar</typeName>
					<size>255</size>
					<scale>0</scale>
					<defaultValue></defaultValue>
					<nullable>1</nullable>
					<autoInc>0</autoInc>
					<charset></charset>
					<oraSequence></oraSequence>
					<enumValues />
				</dbfield>
				<dbfield>
					<name>ValueField</name>
					<type>200</type>
					<typeName>varchar</typeName>
					<size>5</size>
					<scale>0</scale>
					<defaultValue></defaultValue>
					<nullable>1</nullable>
					<autoInc>0</autoInc>
					<charset></charset>
					<oraSequence></oraSequence>
					<enumValues />
				</dbfield>
			</dbfields>
			<dbkeys>
				<dbkey>id</dbkey>
			</dbkeys>
			<dbfkeys />
			<pbclean>0</pbclean>
		</table>
	</operation>
	<operation type="INSERT_RECORD">
		<schema />
		<tablename>calperiod</tablename>
		<prefix></prefix>
		<suffix></suffix>
		<records>
			<names>
				<colname>id</colname>
				<colname>Period</colname>
				<colname>ValueField</colname>
			</names>
			<types>
				<coltype>3</coltype>
				<coltype>200</coltype>
				<coltype>200</coltype>
			</types>
			<data>
				<record>
					<value>1</value>
					<value>Daily</value>
					<value>d</value>
				</record>
				<record>
					<value>2</value>
					<value>Weekly</value>
					<value>ww</value>
				</record>
				<record>
					<value>3</value>
					<value>Monthly</value>
					<value>m</value>
				</record>
				<record>
					<value>4</value>
					<value>Yearly</value>
					<value>yyyy</value>
				</record>
			</data>
		</records>
	</operation>
	<operation type="CREATE_TABLE">
		<table>
			<schema />
			<name>calusers</name>
			<type>0</type>
			<dbfields>
				<dbfield>
					<name>id</name>
					<type>3</type>
					<typeName>int</typeName>
					<size>11</size>
					<scale>0</scale>
					<defaultValue></defaultValue>
					<nullable>0</nullable>
					<autoInc>1</autoInc>
					<charset></charset>
					<oraSequence></oraSequence>
					<enumValues />
				</dbfield>
				<dbfield>
					<name>username</name>
					<type>200</type>
					<typeName>varchar</typeName>
					<size>50</size>
					<scale>0</scale>
					<defaultValue></defaultValue>
					<nullable>1</nullable>
					<autoInc>0</autoInc>
					<charset></charset>
					<oraSequence></oraSequence>
					<enumValues />
				</dbfield>
				<dbfield>
					<name>password</name>
					<type>200</type>
					<typeName>varchar</typeName>
					<size>50</size>
					<scale>0</scale>
					<defaultValue></defaultValue>
					<nullable>1</nullable>
					<autoInc>0</autoInc>
					<charset></charset>
					<oraSequence></oraSequence>
					<enumValues />
				</dbfield>
			</dbfields>
			<dbkeys>
				<dbkey>id</dbkey>
			</dbkeys>
			<dbfkeys />
			<pbclean>0</pbclean>
		</table>
	</operation>
	<operation type="INSERT_RECORD">
		<schema />
		<tablename>calusers</tablename>
		<prefix></prefix>
		<suffix></suffix>
		<records>
			<names>
				<colname>id</colname>
				<colname>username</colname>
				<colname>password</colname>
			</names>
			<types>
				<coltype>3</coltype>
				<coltype>200</coltype>
				<coltype>200</coltype>
			</types>
			<data>
				<record>
					<value>1</value>
					<value>admin</value>
					<value>admin</value>
				</record>
				<record>
					<value>2</value>
					<value>1</value>
					<value>1</value>
				</record>
			</data>
		</records>
	</operation>
	<operation type="CREATE_TABLE">
		<table>
			<schema />
			<name>calweekdays</name>
			<type>0</type>
			<dbfields>
				<dbfield>
					<name>id</name>
					<type>3</type>
					<typeName>int</typeName>
					<size>11</size>
					<scale>0</scale>
					<defaultValue></defaultValue>
					<nullable>0</nullable>
					<autoInc>1</autoInc>
					<charset></charset>
					<oraSequence></oraSequence>
					<enumValues />
				</dbfield>
				<dbfield>
					<name>daynum</name>
					<type>3</type>
					<typeName>int</typeName>
					<size>11</size>
					<scale>0</scale>
					<defaultValue></defaultValue>
					<nullable>1</nullable>
					<autoInc>0</autoInc>
					<charset></charset>
					<oraSequence></oraSequence>
					<enumValues />
				</dbfield>
				<dbfield>
					<name>dayname</name>
					<type>200</type>
					<typeName>varchar</typeName>
					<size>255</size>
					<scale>0</scale>
					<defaultValue></defaultValue>
					<nullable>1</nullable>
					<autoInc>0</autoInc>
					<charset></charset>
					<oraSequence></oraSequence>
					<enumValues />
				</dbfield>
			</dbfields>
			<dbkeys>
				<dbkey>id</dbkey>
			</dbkeys>
			<dbfkeys />
			<pbclean>0</pbclean>
		</table>
	</operation>
	<operation type="INSERT_RECORD">
		<schema />
		<tablename>calweekdays</tablename>
		<prefix></prefix>
		<suffix></suffix>
		<records>
			<names>
				<colname>id</colname>
				<colname>daynum</colname>
				<colname>dayname</colname>
			</names>
			<types>
				<coltype>3</coltype>
				<coltype>3</coltype>
				<coltype>200</coltype>
			</types>
			<data>
				<record>
					<value>1</value>
					<value>1</value>
					<value>Mon</value>
				</record>
				<record>
					<value>2</value>
					<value>2</value>
					<value>Tue</value>
				</record>
				<record>
					<value>3</value>
					<value>3</value>
					<value>Wed</value>
				</record>
				<record>
					<value>4</value>
					<value>4</value>
					<value>Thu</value>
				</record>
				<record>
					<value>5</value>
					<value>5</value>
					<value>Fri</value>
				</record>
				<record>
					<value>6</value>
					<value>6</value>
					<value>Sat</value>
				</record>
				<record>
					<value>7</value>
					<value>7</value>
					<value>Sun</value>
				</record>
			</data>
		</records>
	</operation>
	<operation type="CREATE_TABLE">
		<table>
			<schema />
			<name>callocale</name>
			<type>0</type>
			<dbfields>
				<dbfield>
					<name>id</name>
					<type>3</type>
					<typeName>int</typeName>
					<size>11</size>
					<scale>0</scale>
					<defaultValue></defaultValue>
					<nullable>0</nullable>
					<autoInc>1</autoInc>
					<charset></charset>
					<oraSequence></oraSequence>
					<enumValues />
				</dbfield>
				<dbfield>
					<name>fullcalendarlocale</name>
					<type>200</type>
					<typeName>varchar</typeName>
					<size>10</size>
					<scale>0</scale>
					<defaultValue></defaultValue>
					<nullable>1</nullable>
					<autoInc>0</autoInc>
					<charset></charset>
					<oraSequence></oraSequence>
					<enumValues />
				</dbfield>
				<dbfield>
					<name>runnerlocale</name>
					<type>200</type>
					<typeName>varchar</typeName>
					<size>30</size>
					<scale>0</scale>
					<defaultValue></defaultValue>
					<nullable>1</nullable>
					<autoInc>0</autoInc>
					<charset></charset>
					<oraSequence></oraSequence>
					<enumValues />
				</dbfield>
			</dbfields>
			<dbkeys>
				<dbkey>id</dbkey>
			</dbkeys>
			<dbfkeys />
			<pbclean>0</pbclean>
		</table>
	</operation>
	<operation type="INSERT_RECORD">
		<schema />
		<tablename>callocale</tablename>
		<prefix></prefix>
		<suffix></suffix>
		<records>
			<names>
				<colname>id</colname>
				<colname>fullcalendarlocale</colname>
				<colname>runnerlocale</colname>
			</names>
			<types>
				<coltype>3</coltype>
				<coltype>200</coltype>
				<coltype>200</coltype>
			</types>
			<data>
				<record>
					<value>1</value>
					<value>en</value>
					<value>Afrikaans</value>
				</record>
				<record>
					<value>2</value>
					<value>ar</value>
					<value>Arabic</value>
				</record>
				<record>
					<value>3</value>
					<value>en</value>
					<value>Bosnian</value>
				</record>
				<record>
					<value>4</value>
					<value>bg</value>
					<value>Bulgarian</value>
				</record>
				<record>
					<value>5</value>
					<value>ca</value>
					<value>Catalan</value>
				</record>
				<record>
					<value>6</value>
					<value>zh-cn</value>
					<value>Chinese</value>
				</record>
				<record>
					<value>7</value>
					<value>hr</value>
					<value>Croatian</value>
				</record>
				<record>
					<value>8</value>
					<value>cs</value>
					<value>Czech</value>
				</record>
				<record>
					<value>9</value>
					<value>da</value>
					<value>Danish</value>
				</record>
				<record>
					<value>10</value>
					<value>nl</value>
					<value>Dutch</value>
				</record>
				<record>
					<value>11</value>
					<value>en</value>
					<value>English</value>
				</record>
				<record>
					<value>12</value>
					<value>en</value>
					<value>Farsi</value>
				</record>
				<record>
					<value>13</value>
					<value>fr</value>
					<value>French</value>
				</record>
				<record>
					<value>14</value>
					<value>en</value>
					<value>Georgian</value>
				</record>
				<record>
					<value>15</value>
					<value>de</value>
					<value>German</value>
				</record>
				<record>
					<value>16</value>
					<value>el</value>
					<value>Greek</value>
				</record>
				<record>
					<value>17</value>
					<value>he</value>
					<value>Hebrew</value>
				</record>
				<record>
					<value>18</value>
					<value>hu</value>
					<value>Hungarian</value>
				</record>
				<record>
					<value>19</value>
					<value>id</value>
					<value>Indonesian</value>
				</record>
				<record>
					<value>20</value>
					<value>it</value>
					<value>Italian</value>
				</record>
				<record>
					<value>21</value>
					<value>ja</value>
					<value>Japanese</value>
				</record>
				<record>
					<value>22</value>
					<value>en</value>
					<value>Malay</value>
				</record>
				<record>
					<value>23</value>
					<value>nb</value>
					<value>Norwegian(Bokmal)</value>
				</record>
				<record>
					<value>24</value>
					<value>pl</value>
					<value>Polish</value>
				</record>
				<record>
					<value>25</value>
					<value>pt-br</value>
					<value>Portuguese(Brazil)</value>
				</record>
				<record>
					<value>26</value>
					<value>pt</value>
					<value>Portuguese(Standard)</value>
				</record>
				<record>
					<value>27</value>
					<value>ro</value>
					<value>Romanian</value>
				</record>
				<record>
					<value>28</value>
					<value>ru</value>
					<value>Russian</value>
				</record>
				<record>
					<value>29</value>
					<value>sk</value>
					<value>Slovak</value>
				</record>
				<record>
					<value>30</value>
					<value>es</value>
					<value>Spanish</value>
				</record>
				<record>
					<value>31</value>
					<value>sv</value>
					<value>Swedish</value>
				</record>
				<record>
					<value>32</value>
					<value>en</value>
					<value>Tagalog(Philippines)</value>
				</record>
				<record>
					<value>33</value>
					<value>th</value>
					<value>Thai</value>
				</record>
				<record>
					<value>34</value>
					<value>tr</value>
					<value>Turkish</value>
				</record>
				<record>
					<value>35</value>
					<value>en</value>
					<value>Urdu</value>
				</record>
				<record>
					<value>36</value>
					<value>en</value>
					<value>Welsh</value>
				</record>
				<record>
					<value>37</value>
					<value>zh-hk</value>
					<value>Chinese (Hong Kong S.A.R.)</value>
				</record>
				<record>
					<value>38</value>
					<value>zh-tw</value>
					<value>Chinese (Taiwan)</value>
				</record>
			</data>
		</records>
	</operation>
</operations>
